Name,Tags,Role,Range type,Resourse type,Base HP,HP per lvl,Base mana,Mana per lvl,Movement speed,Base armor,Armor per lvl,Base magic resistance,Magic resistance per lvl,Attack range,HP regeneration,HP regeneration per lvl,Mana regeneration,Mana regeneration per lvl,Attack damage,Attack damage per lvl,Attack speed per lvl,Attack speed,AS ratio,Role
Aatrox,Fighter,Top,Melee,Blood Well,650,114,0,0.0,345,38,4.8,32,2.05,175,3.0,0.5,0.0,0.0,60,5.0,2.5,0.651,0.651,Top
Ahri,"Mage,Assassin",Middle,Ranged,Mana,590,104,418,25.0,330,21,4.7,30,1.3,550,2.5,0.6,8.0,0.8,53,3.0,2.2,0.668,0.625,Middle
Akali,Assassin,"Top,Middle",Melee,Energy,600,119,200,0.0,345,23,4.7,37,2.05,125,9.0,0.9,50.0,0.0,62,3.3,3.2,0.625,0.625,"Top,Middle"
Akshan,"Marksman,Assassin",Middle,Ranged,Mana,630,107,350,40.0,330,26,4.7,30,1.3,500,3.75,0.65,8.2,0.7,52,3.0,4.0,0.638,0.4,Middle
Alistar,"Tank,Support",Support,Melee,Mana,685,120,350,40.0,330,47,4.7,32,2.05,125,8.5,0.85,8.5,0.8,62,3.75,2.125,0.625,0.625,Support
Amumu,"Tank,Support","Jungle,Support",Melee,Mana,685,94,285,40.0,335,33,4.0,32,2.05,125,9.0,0.85,7.4,0.55,57,3.8,2.18,0.736,0.638,"Jungle,Support"
Anivia,Mage,Middle,Ranged,Mana,550,92,495,45.0,325,21,4.9,30,1.3,600,5.5,0.55,8.0,0.8,51,3.2,1.68,0.658,0.625,Middle
Annie,"Mage,Support",Middle,Ranged,Mana,560,102,418,25.0,335,19,4.7,30,1.3,625,5.5,0.55,8.0,0.8,50,2.65,1.36,0.61,0.625,Middle
Aphelios,Marksman,Bottom,Ranged,Mana,580,102,348,42.0,325,26,4.2,30,1.3,550,3.25,0.55,6.5,0.4,55,2.3,2.1,0.64,0.64,Bottom
Ashe,"Marksman,Support","Bottom,Support",Ranged,Mana,640,101,280,35.0,325,26,4.6,30,1.3,600,3.5,0.55,7.0,0.65,59,2.95,3.33,0.658,0.658,"Bottom,Support"
Aurelion Sol,Mage,Middle,Ranged,Mana,620,90,530,40.0,335,22,4.0,30,1.3,550,5.5,0.55,8.0,0.75,55,3.2,1.5,0.625,0.625,Middle
Azir,"Mage,Marksman",Middle,Ranged,Mana,550,119,320,40.0,335,22,5.0,30,1.3,525,3.5,0.75,8.0,0.8,52,3.5,6.0,0.625,0.694,Middle
Bard,"Support,Mage",Support,Ranged,Mana,630,103,350,50.0,330,34,5.0,30,1.3,500,5.5,0.55,6.0,0.45,52,3.0,2.0,0.658,0.658,Support
Bel'Veth,Fighter,Jungle,Melee,,610,99,60,0.0,340,32,4.7,32,2.05,175,6.0,0.6,0.0,0.0,60,1.5,0.0,0.85,0.85,Jungle
Blitzcrank,"Tank,Support",Support,Melee,Mana,600,109,267,40.0,325,37,4.7,32,2.05,125,7.5,0.75,8.5,0.8,62,3.5,1.13,0.625,0.625,Support
Brand,"Mage,Support","Jungle,Support,Middle",Ranged,Mana,570,105,469,21.0,340,27,4.2,30,1.3,550,5.5,0.55,10.65,0.6,57,3.0,2.0,0.681,0.625,"Jungle,Support,Middle"
Braum,"Tank,Support",Support,Melee,Mana,610,112,311,45.0,335,47,5.2,32,2.05,125,8.5,1.0,7.0,0.8,55,3.2,3.5,0.644,0.644,Support
Briar,"Fighter,Assassin",Jungle,Melee,Fury,590,95,0,0.0,340,30,4.2,32,2.05,125,0.0,0.0,0.0,0.0,60,3.0,2.0,0.644,0.669,Jungle
Caitlyn,Marksman,Bottom,Ranged,Mana,580,107,315,40.0,325,27,4.7,30,1.3,650,3.5,0.55,7.4,0.7,60,3.8,4.0,0.681,0.594,Bottom
Camille,"Fighter,Assassin","Top,Support",Melee,Mana,670,99,339,52.0,340,35,5.0,32,2.05,125,8.5,0.8,8.15,0.75,68,3.8,2.5,0.644,0.644,"Top,Support"
Cassiopeia,Mage,Middle,Ranged,Mana,630,104,350,60.0,328,18,4.7,32,1.3,550,5.5,0.5,8.0,0.8,53,3.0,1.5,0.647,0.647,Middle
Cho'Gath,"Tank,Mage",Top,Melee,Mana,644,94,270,60.0,345,38,5.0,32,2.05,125,9.0,0.85,7.2,0.45,69,4.2,1.44,0.625,0.625,Top
Corki,"Marksman,Mage",Middle,Ranged,Mana,640,100,350,54.0,325,30,4.5,30,1.3,550,5.5,0.55,7.4,0.7,52,2.5,2.8,0.644,0.644,Middle
Darius,"Fighter,Tank",Top,Melee,Mana,652,114,263,58.0,340,39,5.2,32,2.05,175,10.0,0.95,6.6,0.35,64,5.0,1.0,0.625,0.625,Top
Diana,"Fighter,Assassin","Jungle,Middle",Melee,Mana,640,109,375,25.0,345,31,4.3,32,2.05,150,6.5,0.85,8.0,0.8,57,3.0,2.0,0.625,0.694,"Jungle,Middle"
Draven,Marksman,Bottom,Ranged,Mana,675,104,361,39.0,330,29,4.5,30,1.3,550,3.75,0.7,8.05,0.65,62,3.6,2.7,0.679,0.679,Bottom
Dr. Mundo,"Tank,Fighter",Top,Melee,,613,103,0,0.0,345,32,3.7,29,2.3,125,7.0,0.5,0.0,0.0,61,2.5,3.3,0.67,0.625,Top
Ekko,"Assassin,Mage","Jungle,Middle",Melee,Mana,655,99,280,70.0,340,32,4.2,32,2.05,125,9.0,0.9,7.0,0.8,58,3.0,3.3,0.688,0.625,"Jungle,Middle"
Elise,"Assassin,Mage",Jungle,Ranged,Mana,650,109,324,50.0,330,30,5.2,30,1.3,550,5.5,0.6,6.0,0.8,55,3.0,1.75,0.625,0.625,Jungle
Evelynn,"Assassin,Mage",Jungle,Melee,Mana,642,98,315,42.0,335,37,4.7,32,2.05,125,8.5,0.75,8.11,0.6,61,3.0,2.1,0.667,0.667,Jungle
Ezreal,"Marksman,Mage",Bottom,Ranged,Mana,600,102,375,70.0,325,24,4.7,30,1.3,550,4.0,0.65,8.5,1.0,62,2.75,2.5,0.625,0.625,Bottom
Fiddlesticks,"Mage,Support",Jungle,Ranged,Mana,650,106,500,28.0,335,34,4.7,30,1.3,480,5.5,0.6,8.0,0.8,55,2.65,2.11,0.625,0.625,Jungle
Fiora,"Fighter,Assassin",Top,Melee,Mana,620,99,300,60.0,345,33,4.7,32,2.05,150,8.5,0.55,8.0,0.7,66,3.3,3.2,0.69,0.69,Top
Fizz,"Assassin,Fighter",Middle,Melee,Mana,640,106,317,52.0,335,22,4.6,32,2.05,175,8.0,0.7,6.0,0.8,58,3.0,3.1,0.658,0.658,Middle
Galio,"Tank,Mage","Middle,Support",Melee,Mana,632,126,500,40.0,340,24,4.7,32,2.05,150,8.0,0.8,9.5,0.7,59,3.5,1.5,0.625,0.625,"Middle,Support"
Gangplank,Fighter,Top,Melee,Mana,630,114,280,60.0,345,31,4.7,32,2.05,125,6.0,0.6,7.5,0.7,64,3.7,3.2,0.658,0.69,Top
Garen,"Fighter,Tank",Top,Melee,,690,98,0,0.0,340,38,4.2,32,1.55,175,8.0,0.5,0.0,0.0,69,4.5,3.65,0.625,0.625,Top
Gnar,"Fighter,Tank",Top,Ranged,Rage,540,79,100,0.0,335,32,3.7,30,1.3,175,4.5,1.25,0.0,0.0,57,3.2,6.0,0.625,0.625,Top
Gragas,"Fighter,Mage","Jungle,Top,Middle",Melee,Mana,640,115,400,47.0,330,38,5.0,32,2.05,125,5.5,0.5,6.0,0.8,64,3.5,2.05,0.675,0.625,"Jungle,Top,Middle"
Graves,Marksman,Jungle,Ranged,Mana,625,106,325,40.0,340,33,4.6,32,2.05,425,8.0,0.7,8.0,0.7,68,4.0,3.0,0.475,0.49,Jungle
Gwen,Fighter,Top,Melee,Mana,620,115,330,40.0,340,39,5.2,32,2.05,150,9.0,0.9,7.5,0.7,63,3.0,2.25,0.69,0.69,Top
Hecarim,"Fighter,Tank",Jungle,Melee,Mana,625,99,280,40.0,345,32,5.45,32,2.05,175,7.0,0.75,7.0,0.8,66,3.7,2.5,0.67,0.67,Jungle
Heimerdinger,"Mage,Support","Support,Top,Middle",Ranged,Mana,558,101,385,20.0,340,19,4.2,30,1.3,550,7.0,0.55,8.0,0.8,56,2.7,1.36,0.658,0.625,"Support,Top,Middle"
Hwei,"Mage,Support","Middle,Support",Ranged,Mana,580,109,480,30.0,330,21,4.7,30,1.3,550,5.5,0.55,7.5,0.75,54,3.3,2.5,0.69,0.658,"Middle,Support"
Illaoi,"Fighter,Tank",Top,Melee,Mana,656,115,350,60.0,350,35,5.0,32,2.05,125,9.5,0.8,7.5,0.75,68,5.0,2.5,0.625,0.625,Top
Irelia,"Fighter,Assassin","Top,Middle",Melee,Mana,590,115,350,50.0,335,36,4.7,30,2.05,200,8.5,0.85,8.0,0.8,65,4.0,2.5,0.656,0.656,"Top,Middle"
Ivern,"Support,Mage",Jungle,Ranged,Mana,630,99,450,60.0,330,27,4.7,30,1.3,475,7.0,0.85,6.0,0.75,50,3.0,3.4,0.644,0.644,Jungle
Janna,"Support,Mage",Support,Ranged,Mana,570,90,360,50.0,325,28,4.5,30,1.3,550,5.5,0.55,11.5,0.4,47,2.5,3.0,0.625,0.625,Support
Jarvan IV,"Fighter,Tank",Jungle,Melee,Mana,640,104,300,55.0,340,36,5.2,32,2.05,175,8.0,0.7,6.5,0.45,64,3.0,2.5,0.658,0.658,Jungle
Jax,Fighter,"Top,Jungle",Melee,Mana,665,100,339,52.0,350,36,4.2,32,2.05,125,8.5,0.55,7.6,0.7,68,4.25,3.4,0.638,0.638,"Top,Jungle"
Jayce,"Marksman,Fighter","Top,Middle",Melee,Mana,590,109,375,45.0,335,22,5.0,30,1.3,125,6.0,0.6,6.0,0.8,59,4.25,3.0,0.658,0.658,"Top,Middle"
Jhin,"Marksman,Mage",Bottom,Ranged,Mana,655,107,300,50.0,330,24,4.7,30,1.3,550,3.75,0.55,6.0,0.8,59,4.7,0.0,0.625,0.0,Bottom
Jinx,Marksman,Bottom,Ranged,Mana,630,105,260,50.0,325,26,4.7,30,1.3,525,3.75,0.5,6.7,1.0,59,2.9,1.0,0.625,0.625,Bottom
Kai'Sa,"Marksman,Mage",Bottom,Ranged,Mana,640,102,345,40.0,335,25,4.2,30,1.3,525,3.5,0.55,8.2,0.7,59,2.6,1.8,0.644,0.644,Bottom
Kalista,Marksman,Bottom,Ranged,Mana,600,114,300,45.0,330,24,5.2,30,1.3,525,4.0,0.75,6.3,0.4,59,3.25,4.5,0.694,0.694,Bottom
Karma,"Mage,Support","Middle,Support,Top",Ranged,Mana,630,109,374,40.0,335,28,5.0,30,1.3,525,5.5,0.55,13.0,0.8,51,3.3,2.3,0.625,0.625,"Middle,Support,Top"
Karthus,Mage,Jungle,Ranged,Mana,620,110,467,31.0,335,21,4.7,30,1.3,450,6.5,0.55,8.0,0.8,46,3.25,2.11,0.625,0.625,Jungle
Kassadin,"Assassin,Mage",Middle,Melee,Mana,646,119,400,87.0,335,19,4.0,30,1.3,150,6.0,0.5,6.0,0.8,59,3.9,3.7,0.64,0.64,Middle
Katarina,"Assassin,Mage",Middle,Melee,,672,108,0,0.0,335,28,4.7,32,2.05,125,7.5,0.7,0.0,0.0,58,3.2,2.74,0.658,0.658,Middle
Kayle,"Mage,Marksman",Top,Melee,Mana,670,92,330,50.0,335,26,4.2,22,1.3,175,5.0,0.5,8.0,0.8,50,2.5,1.5,0.625,0.667,Top
Kayn,"Fighter,Assassin",Jungle,Melee,Mana,655,109,410,50.0,340,38,4.5,32,2.05,175,8.0,0.75,11.5,0.95,68,3.3,2.7,0.669,0.669,Jungle
Kennen,Mage,Top,Ranged,Energy,580,98,200,0.0,335,29,4.95,30,1.3,550,5.5,0.65,50.0,0.0,48,3.75,3.4,0.625,0.69,Top
Kha'Zix,Assassin,Jungle,Melee,Mana,643,99,327,40.0,350,36,4.2,32,2.05,125,7.5,0.75,7.59,0.5,60,3.1,2.7,0.668,0.668,Jungle
Kindred,Marksman,Jungle,Ranged,Mana,610,104,300,35.0,325,29,4.7,30,1.3,500,7.0,0.55,7.0,0.4,65,3.25,3.5,0.625,0.625,Jungle
Kled,Fighter,Top,Melee,Courage,410,84,100,0.0,345,35,5.2,28,2.05,125,6.0,0.75,0.0,0.0,65,3.5,3.5,0.625,0.625,Top
Kog'Maw,"Marksman,Mage",Bottom,Ranged,Mana,635,99,325,40.0,330,24,4.45,30,1.3,500,3.75,0.55,8.75,0.7,61,3.1,2.65,0.665,0.665,Bottom
K'Sante,"Tank,Fighter",Top,Melee,Mana,625,120,320,60.0,330,33,5.2,30,2.1,175,9.5,1.0,7.0,1.0,64,3.5,2.5,0.625,0.625,Top
LeBlanc,"Assassin,Mage",Middle,Ranged,Mana,598,111,400,25.0,340,22,4.7,30,1.3,525,7.5,0.55,8.0,0.8,55,2.2,2.35,0.658,0.4,Middle
Lee Sin,"Fighter,Assassin",Jungle,Melee,Energy,645,108,200,0.0,345,36,4.9,32,2.05,125,7.5,0.7,50.0,0.0,66,3.7,3.0,0.651,0.651,Jungle
Leona,"Tank,Support",Support,Melee,Mana,646,101,302,40.0,335,47,4.8,32,2.05,125,8.5,0.85,6.0,0.8,60,3.0,2.9,0.625,0.625,Support
Lillia,"Fighter,Mage",Jungle,Melee,Mana,605,105,410,50.0,330,22,5.2,32,1.55,325,2.5,0.55,11.5,0.95,61,3.1,2.7,0.625,0.625,Jungle
Lissandra,Mage,Middle,Ranged,Mana,620,110,475,30.0,325,22,4.9,30,1.3,550,7.0,0.55,8.0,0.4,55,2.7,1.5,0.656,0.625,Middle
Lucian,"Marksman,Assassin",Bottom,Ranged,Mana,641,100,320,43.0,335,28,4.2,30,1.3,500,3.75,0.65,7.0,0.8,60,2.9,3.3,0.638,0.638,Bottom
Lulu,"Support,Mage",Support,Ranged,Mana,595,92,350,55.0,330,26,4.9,30,1.3,550,6.0,0.6,11.0,0.6,47,2.6,2.25,0.625,0.625,Support
Lux,"Mage,Support","Middle,Support",Ranged,Mana,580,99,480,23.5,330,21,5.2,30,1.3,550,5.5,0.55,7.0,0.8,54,3.3,3.0,0.669,0.625,"Middle,Support"
Malphite,"Tank,Mage","Top,Middle,Support",Melee,Mana,644,104,280,60.0,335,37,4.95,28,2.05,125,7.0,0.55,7.3,0.55,62,4.0,3.4,0.736,0.638,"Top,Middle,Support"
Malzahar,Mage,Middle,Ranged,Mana,580,101,375,28.0,335,18,4.7,30,1.3,500,6.0,0.6,8.0,0.8,55,3.0,1.5,0.625,0.625,Middle
Maokai,"Tank,Support","Support,Jungle",Melee,Mana,635,109,375,43.0,330,35,5.2,32,2.05,125,5.0,0.75,6.0,0.6,64,3.3,2.125,0.8,0.695,"Support,Jungle"
Master Yi,"Assassin,Fighter",Jungle,Melee,Mana,669,105,251,42.0,355,33,4.7,32,2.05,175,7.5,0.65,7.25,0.45,65,2.5,2.5,0.679,0.679,Jungle
Milio,"Support,Mage",Support,Ranged,Mana,560,88,365,43.0,330,26,4.6,30,1.3,525,5.0,0.5,11.5,0.4,48,3.2,3.0,0.625,0.625,Support
Miss Fortune,"Marksman,Mage",Bottom,Ranged,Mana,640,103,300,40.0,325,28,4.2,30,1.3,550,3.75,0.65,8.0,0.8,55,2.4,3.0,0.656,0.656,Bottom
Mordekaiser,"Fighter,Mage",Top,Melee,Shield,645,104,100,0.0,335,37,4.2,32,2.05,175,5.0,0.75,0.0,0.0,61,4.0,1.0,0.625,0.625,Top
Morgana,"Mage,Support",Support,Ranged,Mana,630,104,340,60.0,335,25,5.0,30,1.3,450,5.5,0.4,11.0,0.4,56,3.5,1.53,0.625,0.625,Support
Naafiri,"Assassin,Fighter",Middle,Melee,Mana,635,120,400,55.0,340,30,4.7,32,2.05,125,9.0,0.9,7.5,1.0,55,2.1,2.1,0.663,0.625,Middle
Nami,"Support,Mage",Support,Ranged,Mana,560,88,365,43.0,335,29,5.2,30,1.3,550,5.5,0.55,11.5,0.4,54,3.1,2.61,0.644,0.644,Support
Nasus,"Fighter,Tank",Top,Melee,Mana,631,104,326,62.0,350,34,4.7,32,2.05,125,9.0,0.9,7.45,0.5,67,4.0,3.48,0.638,0.638,Top
Nautilus,"Tank,Support",Support,Melee,Mana,646,100,400,47.0,325,39,4.95,32,2.05,175,8.5,0.55,8.65,0.5,61,3.3,1.0,0.706,0.612,Support
Neeko,"Mage,Support","Middle,Support",Ranged,Mana,610,104,450,30.0,340,21,5.2,30,1.3,550,7.5,0.75,7.0,0.7,48,2.5,3.5,0.625,0.67,"Middle,Support"
Nidalee,"Assassin,Mage",Jungle,Ranged,Mana,610,109,295,45.0,335,32,5.0,30,1.45,525,6.0,0.6,6.0,0.8,58,3.5,3.22,0.638,0.638,Jungle
Nilah,"Fighter,Assassin",Bottom,Melee,Mana,570,101,350,35.0,340,27,4.5,32,2.05,225,6.0,0.9,8.2,0.7,58,2.0,3.0,0.697,0.67,Bottom
Nocturne,"Fighter,Assassin",Jungle,Melee,Mana,655,109,275,35.0,345,38,4.7,32,1.55,125,7.0,0.75,7.0,0.45,62,2.6,2.7,0.721,0.721,Jungle
Nunu & Willump,"Tank,Mage",Jungle,Melee,Mana,610,90,280,42.0,345,29,4.2,32,2.05,125,5.0,0.8,7.0,0.5,61,3.0,2.25,0.625,0.625,Jungle
Olaf,"Fighter,Tank",Top,Melee,Mana,645,119,316,50.0,350,35,4.2,32,2.05,125,6.5,0.6,7.5,0.6,68,4.7,2.7,0.694,0.694,Top
Orianna,"Mage,Support",Middle,Ranged,Mana,585,110,418,25.0,325,20,4.2,26,1.3,525,7.0,0.55,8.0,0.8,44,2.6,3.5,0.658,0.658,Middle
Ornn,Tank,Top,Melee,Mana,660,109,341,65.0,335,33,5.2,32,2.05,175,9.0,0.9,8.0,0.6,69,3.5,2.0,0.625,0.625,Top
Pantheon,"Fighter,Assassin","Top,Support,Jungle,Middle",Melee,Mana,650,109,317,31.0,345,40,4.95,28,2.05,175,6.0,0.65,7.35,0.45,64,3.3,2.95,0.658,0.658,"Top,Support,Jungle,Middle"
Poppy,"Tank,Fighter","Top,Jungle",Melee,Mana,610,104,280,40.0,345,38,4.7,32,2.05,125,8.0,0.8,7.0,0.7,64,4.0,2.5,0.625,0.625,"Top,Jungle"
Pyke,"Support,Assassin",Support,Melee,Mana,670,110,415,50.0,330,47,4.7,32,2.05,150,7.0,0.5,8.0,1.0,62,2.0,2.5,0.667,0.667,Support
Qiyana,Assassin,Middle,Melee,Mana,590,124,375,60.0,335,28,4.7,32,2.05,150,6.0,0.9,8.0,0.7,66,3.1,2.1,0.688,0.625,Middle
Quinn,"Marksman,Assassin",Top,Ranged,Mana,565,107,269,35.0,330,28,4.7,30,1.3,525,5.5,0.55,7.0,0.4,59,2.7,3.1,0.668,0.668,Top
Rakan,Support,Support,Melee,Mana,610,99,315,50.0,335,30,4.9,32,2.05,300,5.0,0.5,8.75,0.5,62,3.5,3.0,0.635,0.635,Support
Rammus,Tank,Jungle,Melee,Mana,675,94,310,33.0,335,40,5.5,32,2.05,125,8.0,0.55,7.85,0.5,55,2.75,2.215,0.656,0.625,Jungle
Rek'Sai,"Fighter,Tank",Jungle,Melee,Rage,600,99,100,0.0,340,36,4.95,32,2.05,175,2.5,0.5,0.0,0.0,58,3.0,2.0,0.667,0.667,Jungle
Rell,"Tank,Support",Support,Melee,Mana,610,104,350,45.0,330,36,4.2,30,2.05,175,7.5,0.85,6.0,0.35,55,3.0,1.5,0.625,0.625,Support
Renata Glasc,"Support,Mage",Support,Ranged,Mana,545,94,350,50.0,330,27,4.7,30,1.3,550,5.5,0.55,11.5,0.5,49,3.0,2.11,0.625,0.625,Support
Renekton,"Fighter,Tank",Top,Melee,Fury,660,111,100,0.0,345,35,5.2,28,2.05,125,8.0,0.75,0.0,0.0,69,4.15,2.75,0.665,0.665,Top
Rengar,"Assassin,Fighter","Jungle,Top",Melee,Ferocity,590,104,4,0.0,345,34,4.2,32,2.05,125,6.0,0.5,0.0,0.0,68,3.0,3.0,0.667,0.667,"Jungle,Top"
Riven,"Fighter,Assassin",Top,Melee,,630,100,0,0.0,340,33,4.4,32,2.05,125,8.5,0.5,0.0,0.0,64,3.0,3.5,0.625,0.625,Top
Rumble,"Fighter,Mage","Top,Middle",Melee,Heat,625,105,150,0.0,345,36,4.7,28,1.55,125,7.0,0.6,0.0,0.0,64,3.2,1.85,0.644,0.644,"Top,Middle"
Ryze,Mage,Middle,Ranged,Mana,645,124,300,70.0,340,22,4.2,32,1.3,550,8.0,0.8,8.0,1.0,58,3.0,2.11,0.658,0.625,Middle
Samira,"Marksman,Assassin",Bottom,Ranged,Mana,630,108,349,38.0,335,26,4.7,30,1.3,500,3.25,0.55,8.2,0.7,57,3.0,3.3,0.658,0.658,Bottom
Sejuani,Tank,Jungle,Melee,Mana,630,114,400,40.0,340,34,5.45,32,2.05,150,8.5,1.0,7.0,0.7,66,4.0,3.5,0.688,0.625,Jungle
Senna,"Support,Marksman","Bottom,Support",Ranged,Mana,530,89,350,45.0,330,28,4.7,30,1.3,600,3.5,0.55,11.5,0.7,50,0.0,4.0,0.625,0.4,"Bottom,Support"
Seraphine,"Support,Mage","Bottom,Support",Ranged,Mana,570,90,360,25.0,330,26,4.2,30,1.3,525,6.5,0.6,11.5,0.95,50,3.0,2.0,0.669,0.625,"Bottom,Support"
Sett,"Fighter,Tank",Top,Melee,Grit,670,114,0,0.0,340,33,5.2,28,2.05,125,7.0,0.5,0.0,0.0,60,4.0,1.75,0.625,0.625,Top
Shaco,Assassin,"Jungle,Support",Melee,Mana,630,99,297,40.0,345,30,4.0,32,2.05,125,8.5,0.55,6.0,0.35,63,3.0,3.0,0.694,0.694,"Jungle,Support"
Shen,Tank,"Top,Support",Melee,Energy,610,99,400,0.0,340,34,4.2,32,2.05,125,8.5,0.75,50.0,0.0,64,3.0,3.0,0.751,0.651,"Top,Support"
Shyvana,"Fighter,Mage",Jungle,Melee,Fury,665,104,100,0.0,350,38,4.55,32,2.05,125,8.5,0.8,0.0,0.0,66,3.0,2.5,0.658,0.658,Jungle
Singed,"Tank,Mage",Top,Melee,Mana,650,99,330,45.0,345,34,4.7,32,2.05,125,9.5,0.55,7.5,0.55,63,3.4,1.9,0.625,0.625,Top
Sion,"Tank,Fighter",Top,Melee,Mana,655,87,400,52.0,345,32,4.2,32,2.05,175,7.5,0.8,8.0,0.6,68,4.0,1.3,0.679,0.679,Top
Sivir,Marksman,Bottom,Ranged,Mana,600,104,340,45.0,335,30,4.45,30,1.3,500,3.25,0.55,6.0,0.8,58,2.5,2.0,0.625,0.625,Bottom
Skarner,"Tank,Fighter","Jungle,Top",Melee,Mana,610,105,320,40.0,335,33,4.8,32,2.05,150,7.5,0.75,7.2,0.75,60,3.0,2.0,0.625,0.625,"Jungle,Top"
Smolder,"Marksman,Mage","Bottom,Top,Middle",Ranged,Mana,605,100,300,40.0,330,26,4.7,30,1.3,550,4.5,0.6,8.5,0.7,60,2.3,4.0,0.638,0.638,"Bottom,Top,Middle"
Sona,"Support,Mage",Support,Ranged,Mana,550,91,340,45.0,325,26,4.2,30,1.3,550,5.5,0.55,11.5,0.4,49,3.0,2.3,0.644,0.644,Support
Soraka,"Support,Mage",Support,Ranged,Mana,605,88,425,40.0,325,32,5.0,30,1.3,550,2.5,0.5,11.5,0.4,50,3.0,2.14,0.625,0.625,Support
Swain,"Mage,Support","Support,Middle",Ranged,Mana,595,99,468,29.0,330,26,5.2,30,1.3,525,7.0,0.65,8.0,0.8,58,2.7,2.11,0.625,0.625,"Support,Middle"
Sylas,"Mage,Assassin","Middle,Top",Melee,Mana,575,129,400,70.0,340,27,5.2,32,2.55,175,9.0,0.9,8.0,0.8,61,3.0,3.5,0.645,0.645,"Middle,Top"
Syndra,Mage,Middle,Ranged,Mana,563,104,480,40.0,330,25,4.6,30,1.3,550,6.5,0.6,8.0,0.8,54,2.9,2.0,0.658,0.625,Middle
Tahm Kench,"Tank,Support","Top,Support",Melee,Mana,640,103,325,50.0,335,42,4.7,32,2.05,175,6.5,0.55,8.0,1.0,56,3.2,2.5,0.658,0.658,"Top,Support"
Taliyah,"Mage,Support","Jungle,Middle",Ranged,Mana,550,104,470,30.0,330,18,4.7,30,1.3,525,6.5,0.65,8.0,0.8,58,3.3,1.36,0.658,0.625,"Jungle,Middle"
Talon,Assassin,"Middle,Jungle",Melee,Mana,658,109,400,37.0,335,30,4.7,39,2.05,125,8.5,0.75,7.6,0.8,68,3.1,2.9,0.625,0.625,"Middle,Jungle"
Taric,"Support,Tank","Support,Middle",Melee,Mana,645,99,300,60.0,340,40,4.3,28,2.05,150,6.0,0.5,8.5,0.8,55,3.5,2.0,0.625,0.625,"Support,Middle"
Teemo,"Marksman,Mage","Top,Jungle,Support",Ranged,Mana,598,104,334,25.0,330,24,4.95,30,1.3,500,5.5,0.65,9.6,0.45,54,3.0,3.38,0.69,0.69,"Top,Jungle,Support"
Thresh,"Support,Tank",Support,Ranged,Mana,600,120,274,44.0,330,33,0.0,30,1.55,450,7.0,0.55,6.0,0.8,56,2.2,3.5,0.625,0.625,Support
Tristana,"Marksman,Assassin","Bottom,Middle",Ranged,Mana,640,102,250,32.0,325,30,4.5,28,1.3,525,4.0,0.65,7.2,0.45,59,3.7,1.5,0.656,0.679,"Bottom,Middle"
Trundle,"Fighter,Tank","Top,Jungle",Melee,Mana,650,110,340,45.0,350,37,3.9,32,2.05,175,6.0,0.75,7.5,0.6,68,4.0,2.9,0.67,0.67,"Top,Jungle"
Tryndamere,"Fighter,Assassin",Top,Melee,Fury,696,108,100,0.0,345,33,4.3,32,2.05,175,8.5,0.9,0.0,0.0,66,4.0,3.4,0.67,0.67,Top
Twisted Fate,"Mage,Marksman","Middle,Bottom,Top",Ranged,Mana,604,108,333,39.0,330,21,4.35,30,1.3,525,5.5,0.6,8.0,0.8,52,2.5,2.5,0.625,0.651,"Middle,Bottom,Top"
Twitch,"Marksman,Assassin","Bottom,Support",Ranged,Mana,630,104,300,40.0,330,27,4.2,30,1.3,550,3.75,0.6,7.25,0.7,59,3.1,3.38,0.679,0.679,"Bottom,Support"
Udyr,"Fighter,Tank","Top,Jungle",Melee,Mana,664,92,271,50.0,350,31,4.7,32,2.05,125,6.0,0.75,7.5,0.45,62,4.0,3.0,0.65,0.65,"Top,Jungle"
Urgot,"Fighter,Tank",Top,Ranged,Mana,655,102,340,45.0,330,36,5.0,32,2.05,350,7.5,0.7,7.25,0.8,63,4.0,3.75,0.625,0.625,Top
Varus,"Marksman,Mage",Bottom,Ranged,Mana,600,105,360,40.0,330,27,4.6,30,1.3,575,3.5,0.55,8.0,0.8,57,3.4,3.5,0.658,0.658,Bottom
Vayne,"Marksman,Assassin","Bottom,Top",Ranged,Mana,550,103,232,35.0,330,23,4.6,30,1.3,550,3.5,0.55,7.0,0.4,60,2.35,3.3,0.658,0.658,"Bottom,Top"
Veigar,Mage,"Middle,Support",Ranged,Mana,580,108,490,26.0,340,18,5.2,32,1.3,550,6.5,0.6,8.0,0.8,52,2.7,2.24,0.625,0.625,"Middle,Support"
Vel'Koz,"Mage,Support","Support,Middle",Ranged,Mana,590,102,469,21.0,340,22,4.7,30,1.3,525,5.5,0.55,8.0,0.8,55,3.1416,1.59,0.643,0.625,"Support,Middle"
Vex,Mage,Middle,Ranged,Mana,590,104,490,32.0,335,23,4.45,28,1.3,550,6.5,0.6,6.0,0.8,54,2.75,1.0,0.669,0.625,Middle
Vi,"Fighter,Assassin",Jungle,Melee,Mana,655,99,295,65.0,340,30,4.7,32,2.05,125,10.0,1.0,8.0,0.65,63,3.0,2.0,0.644,0.644,Jungle
Viego,"Fighter,Assassin",Jungle,Melee,,630,109,0,0.0,345,34,5.2,32,2.05,200,7.0,0.7,0.0,0.0,57,3.5,2.5,0.658,0.658,Jungle
Viktor,Mage,Middle,Ranged,Mana,600,104,405,45.0,335,23,5.2,30,1.3,525,8.0,0.65,8.0,0.8,53,3.0,2.11,0.658,0.658,Middle
Vladimir,"Mage,Fighter","Middle,Top",Ranged,Crimson Rush,607,110,2,0.0,330,27,4.5,30,1.3,450,7.0,0.6,0.0,0.0,55,3.0,2.0,0.658,0.658,"Middle,Top"
Volibear,"Fighter,Tank","Top,Jungle",Melee,Mana,650,104,350,70.0,340,31,5.2,32,2.05,150,9.0,0.75,6.25,0.5,60,3.5,2.0,0.625,0.7,"Top,Jungle"
Warwick,"Fighter,Tank","Jungle,Top",Melee,Mana,620,99,280,35.0,335,33,4.4,32,2.05,125,4.0,0.75,7.45,0.6,65,3.0,2.3,0.638,0.638,"Jungle,Top"
Wukong,"Fighter,Tank","Jungle,Top",Melee,Mana,610,99,300,65.0,340,31,4.7,28,2.05,175,3.5,0.65,8.0,0.8,66,3.5,3.0,0.69,0.658,"Jungle,Top"
Xayah,Marksman,Bottom,Ranged,Mana,630,107,340,40.0,330,25,4.2,30,1.3,525,3.25,0.75,8.25,0.8,60,3.5,3.9,0.658,0.658,Bottom
Xerath,"Mage,Support","Middle,Support",Ranged,Mana,596,106,400,22.0,340,22,4.7,30,1.3,525,5.5,0.55,6.85,0.8,55,3.0,1.36,0.658,0.625,"Middle,Support"
Xin Zhao,"Fighter,Tank",Jungle,Melee,Mana,640,106,274,55.0,345,35,4.7,32,2.05,175,8.0,0.7,7.25,0.45,63,3.0,3.5,0.645,0.645,Jungle
Yasuo,"Fighter,Assassin","Top,Middle,Bottom",Melee,Flow,590,110,100,0.0,345,30,4.6,32,2.05,175,6.5,0.9,0.0,0.0,60,3.0,3.5,0.697,0.67,"Top,Middle,Bottom"
Yone,"Fighter,Assassin","Top,Middle",Melee,Flow,620,105,500,0.0,345,33,4.6,32,2.05,175,7.5,0.75,0.0,0.0,60,2.0,3.5,0.625,0.625,"Top,Middle"
Yorick,"Fighter,Tank",Top,Melee,Mana,650,114,300,60.0,340,39,5.2,32,2.05,175,8.0,0.8,7.5,0.75,62,5.0,2.0,0.625,0.625,Top
Yuumi,"Support,Mage",Support,Ranged,Mana,500,69,440,45.0,330,25,4.2,25,1.1,425,5.0,0.55,10.0,0.4,49,3.1,1.0,0.625,0.625,Support
Zac,"Tank,Fighter","Jungle,Top,Support",Melee,,685,109,0,0.0,340,33,4.7,32,2.05,175,5.0,0.5,0.0,0.0,60,3.4,1.6,0.736,0.638,"Jungle,Top,Support"
Zed,Assassin,"Middle,Jungle",Melee,Energy,654,99,200,0.0,345,32,4.7,29,2.05,125,7.0,0.65,50.0,0.0,63,3.4,3.3,0.651,0.651,"Middle,Jungle"
Zeri,Marksman,Bottom,Ranged,Mana,600,110,250,45.0,330,24,4.2,30,1.3,500,3.25,0.7,6.0,0.8,56,2.0,2.0,0.658,0.625,Bottom
Ziggs,Mage,"Bottom,Middle",Ranged,Mana,606,106,480,23.5,325,21,4.7,30,1.3,550,6.5,0.6,8.0,0.8,55,3.1,2.0,0.656,0.656,"Bottom,Middle"
Zilean,"Support,Mage",Support,Ranged,Mana,574,96,452,50.0,335,24,5.0,30,1.3,550,5.5,0.5,11.35,0.8,52,3.0,2.13,0.658,0.625,Support
Zoe,Mage,Middle,Ranged,Mana,630,106,425,25.0,340,21,4.7,30,1.3,550,7.5,0.6,8.0,0.65,58,3.3,2.5,0.658,0.625,Middle
Zyra,"Mage,Support",Support,Ranged,Mana,574,93,418,25.0,340,29,4.2,30,1.3,575,5.5,0.5,7.0,0.8,53,3.2,2.11,0.681,0.625,Support
